Page,SizeKB,H1,MetaDesc,AffLinks,Status
ableton-live-review.html,28.1,1,1,8,OK
about.html,23.4,1,1,7,OK
affiliate-tools.html,41.8,1,1,4,OK
amuse-vs-distrokid.html,34.2,1,1,6,OK
audio-interface-guide-djs.html,44.2,2,1,26,OK
beatport-vs-traxsource.html,25.8,1,1,6,OK
beginner-dj-hub.html,26.0,1,1,1,OK
beginner-dj-setup-guide-2026.html,61.6,1,1,9,OK
best-budget-dj-equipment.html,37.3,1,1,19,OK
best-daw-for-music-production.html,29.1,1,1,7,OK
best-dj-apps-ipad.html,32.5,1,1,9,OK
best-dj-controllers-2026.html,73.7,1,1,28,OK
best-dj-controllers-under-200.html,46.9,1,1,21,OK
best-dj-controllers-under-300.html,33.7,1,1,13,OK
best-dj-controllers-under-500-2026.html,27.5,1,1,9,OK
best-dj-headphones-2026.html,45.3,1,1,22,OK
best-dj-headphones-professional.html,38.5,1,1,18,OK
best-dj-headphones-under-100-2026.html,41.4,1,1,28,OK
best-dj-headphones-under-50.html,33.7,1,1,13,OK
best-dj-laptop-2026.html,42.7,1,1,24,OK
best-dj-mixer-under-500.html,41.5,1,1,15,OK
best-dj-mixers-2026.html,44.3,1,1,30,OK
best-dj-mixers-beginners.html,35.1,1,1,13,OK
best-dj-monitor-speakers.html,39.9,1,1,16,OK
best-dj-sample-packs-2026.html,69.7,1,1,10,OK
best-dj-software-beginners-2026.html,72.5,2,1,12,OK
best-dj-software-vinyl-scratch.html,50.4,1,1,20,OK
best-dj-stands-accessories.html,61.3,1,1,22,OK
best-dj-turntables-2026.html,51.1,1,1,40,OK
best-dj-usb-drives.html,37.5,1,1,14,OK
best-free-dj-software-2026.html,35.8,1,1,9,OK
best-music-production-plugins.html,27.3,1,1,10,OK
best-music-production-software-2026.html,30.9,1,1,9,OK
best-online-dj-courses.html,31.1,1,1,9,OK
best-studio-monitors.html,44.6,1,1,18,OK
best-turntable-cartridges.html,26.7,1,1,7,OK
best-wireless-dj-headphones.html,28.7,1,1,14,OK
contact.html,10.7,1,1,1,OK
datbotty-status.html,35.0,1,1,5,OK
denon-prime-go-review.html,35.7,3,1,9,OK
denon-sc6000-review.html,42.2,1,1,8,OK
disclosure.html,19.6,1,1,6,OK
distrokid-vs-tunecore.html,53.0,2,1,10,OK
dj-affiliate-programs-guide.html,22.7,1,1,6,OK
dj-affiliate-programs.html,38.9,1,1,3,OK
dj-equipment-beginners.html,37.9,1,1,12,OK
dj-equipment-checklist.html,30.5,1,1,7,OK
dj-equipment-maintenance-tips.html,45.9,1,1,16,OK
dj-gear-hub.html,41.2,1,1,7,OK
dj-laptop-setup-guide.html,39.1,1,1,3,OK
dj-set-generator.html,51.3,2,1,4,OK
dj-software-faq.html,44.4,1,1,2,OK
dj-software-hub.html,36.3,1,1,12,OK
dj-tools-and-sampling-platforms-affiliates.html,24.7,1,1,6,OK
djay-pro-review.html,28.1,1,1,10,OK
festival-dj-gear-checklist.html,48.3,1,1,17,OK
fl-studio-review.html,33.5,1,1,13,OK
fl-studio-vs-ableton.html,27.9,1,1,11,OK
fl-studio-vs-logic-pro.html,24.6,1,1,6,OK
how-to-beatmatch-manually.html,41.1,1,1,3,OK
how-to-become-a-dj.html,32.6,1,1,19,OK
how-to-connect-dj-controller-to-speakers.html,31.6,1,1,9,OK
how-to-create-dj-mixes-for-youtube.html,42.3,1,1,6,OK
how-to-dj-at-a-wedding.html,42.0,1,1,3,OK
how-to-get-dj-gigs.html,29.7,1,1,16,OK
how-to-mix-music-beginners.html,26.6,1,1,9,OK
how-to-promote-dj-mixes.html,24.3,1,1,7,OK
how-to-record-dj-mix.html,27.6,1,1,8,OK
how-to-start-a-dj-blog.html,24.3,1,1,5,OK
how-to-start-djing.html,33.4,1,1,21,OK
landr-vs-splice.html,30.5,1,1,19,OK
midi-controllers-for-music-production.html,34.4,1,1,10,OK
music-distribution-affiliate-programs.html,22.7,1,1,5,OK
music-distribution-affiliates.html,33.5,1,1,1,OK
music-production-software-free.html,37.8,1,1,12,OK
native-instruments-komplete-review.html,27.9,1,1,9,OK
numark-mixtrack-pro-fx-vs-ddj-200.html,33.2,1,1,11,OK
numark-scratch-review.html,29.7,1,1,12,OK
pioneer-cdj-3000-review.html,29.5,1,1,6,OK
pioneer-ddj-400-vs-flx4.html,32.4,1,1,19,OK
pioneer-ddj-flx10-review.html,28.8,1,1,9,OK
pioneer-ddj-flx4-review.html,29.9,1,1,8,OK
pioneer-ddj-flx4-vs-flx6.html,34.4,1,1,10,OK
pioneer-dj-affiliate.html,25.6,1,1,6,OK
plugin-boutique-affiliate-review.html,29.2,1,1,8,OK
privacy.html,22.7,1,1,4,OK
rane-one-review.html,26.5,1,1,9,OK
rekordbox-pro-review.html,28.4,1,1,8,OK
rekordbox-review.html,31.2,2,1,7,OK
rekordbox-vs-serato-deep-dive.html,31.9,1,1,10,OK
serato-affiliate-program.html,26.2,1,1,6,OK
serato-dj-lite-vs-pro.html,22.9,1,1,2,OK
serato-dj-pro-review.html,23.8,2,1,5,OK
serato-vs-rekordbox-vs-traktor.html,24.7,1,1,10,OK
soundcloud-vs-bandcamp.html,26.9,1,1,8,OK
splice-affiliate-program-review.html,22.3,1,1,7,OK
splice-vs-loopmasters.html,30.0,1,1,13,OK
sweetwater-affiliate-program.html,26.4,1,1,16,OK
traktor-pro-review.html,30.3,1,1,11,OK
virtual-dj-vs-serato.html,28.7,1,1,8,OK
zzounds-affiliate-program-review.html,22.2,1,1,5,OK
